{"cameraMode":{"drawMode":0,"name":"Shaded","section":"Shading Mode"},"sceneLighting":true,"audioPlay":false,"sceneViewState":{"m_AlwaysRefresh":false,"showFog":true,"showSkybox":true,"showFlares":true,"showImageEffects":true,"showParticleSystems":true,"showVisualEffectGraphs":true,"m_FxEnabled":true},"in2DMode":false,"pivot":{"x":-24.719438552856447,"y":1.9928754568099976,"z":-13.554155349731446},"rotation":{"x":-0.6673831939697266,"y":-0.30166783928871157,"z":0.34185561537742617,"w":-0.5888631343841553},"size":46.95534133911133,"orthographic":false}